{fdcb29b3-1493-4820-b043-b17881c71916},{f6d83f96-0876-4a80-99f7-e76d99de188d},problem,array,in imperdiet et commodo vulputate justo in blandit ultrices enim,GHS,/lacus.java:47
{bf7677ca-f96f-485f-8cad-7aee7ec5baf3},{dc3a6e3e-3b5d-45a0-b414-667cbf313e1c},extra credit,client-driven,nonummy integer non velit donec,Title Insurance,/sed.h:849
{99f186a6-f709-45c6-ac17-e6bc0fce8087},{90655acd-f50d-4580-991a-d99566aa7802},comment,empowering,tincidunt in leo maecenas pulvinar lobortis est phasellus sit amet erat nulla tempus,RLU,/ut.cpp:135
{9a011ea9-5db2-4f14-af48-9699d7ff119c},{a476373f-6043-452c-a5f6-1e0477845ac7},problem,system-worthy,est et tempus semper est quam pharetra magna,Real Estate License,/in.java:889
{f161c174-a089-4a54-81fe-20f6fcc4fd9c},{996b3876-f5d8-4d15-bf1a-b3c7ab9605c5},extra credit,capability,consectetuer adipiscing elit proin risus praesent,Engineering Management,/euismod.h:504
{0902c991-299a-4abe-a009-f326e8e05697},{1a364409-d281-4326-83a7-7876c6ef84aa},comment,optimizing,morbi odio odio elementum eu interdum eu tincidunt in leo maecenas pulvinar lobortis est phasellus,Xen,/congue.cpp:900
{c07bc907-39d8-4d76-8e89-f4a13fb6eb87},{4f5f9a0e-5212-45dd-bba2-1f8f121c59c3},problem,Multi-layered,venenatis non sodales sed tincidunt eu felis fusce posuere felis sed lacus morbi sem mauris,Crisis Communications,/leo.java:806
{2895cf0a-c78e-4c45-bb5c-d95a57102140},{0d9b56cf-3040-4269-8a07-e1ceae22004d},extra credit,tertiary,et eros vestibulum ac est lacinia nisi venenatis tristique fusce congue diam id ornare imperdiet,AWR Microwave Office,/in.h:80
{af4024f1-7eeb-4bb2-bbf6-3fd37abe54a7},{2ce315af-788a-452a-a60f-9893a79f0a4d},comment,instruction set,sem mauris laoreet ut rhoncus aliquet pulvinar sed nisl nunc rhoncus,CEO/CFO Certification,/in.cpp:782
{562d5669-d46c-45bc-a25f-a53d8cfa32a2},{eeb16789-3451-45d7-af8f-78382dc55f1a},problem,circuit,auctor sed tristique in tempus sit amet sem fusce consequat nulla nisl nunc nisl duis,Wildlife,/mauris.java:652
{a7a54097-0452-471c-8f22-f8113abdf1c7},{d900f0dc-2317-4a41-a338-2c79bcb74f65},extra credit,systemic,est lacinia nisi venenatis tristique fusce congue diam id ornare imperdiet sapien urna pretium,PTS,/congue.h:258
{2d0a696d-62f9-471a-aaa8-344a600c5da9},{57e72432-e0dd-4495-a6e9-4ea7a5f827c2},comment,productivity,lacinia nisi venenatis tristique fusce congue diam id ornare imperdiet sapien urna pretium nisl,PNR,/aliquet.cpp:15
{fe18dbbf-77df-4c35-9617-7d5df2ff2966},{c0de9313-d0da-4032-ba63-e6b7823dfd57},problem,Front-line,quis tortor id nulla ultrices aliquet maecenas leo odio condimentum id luctus nec,PPDS,/sociis.java:225
{774c0da2-b3d6-40b6-b729-b2a13a213218},{98987645-f9fc-4d33-95c7-cc2bbb3a43ee},extra credit,zero administration,ut odio cras mi pede malesuada in,Ion,/congue.h:886
{dda23337-7f9b-43f3-b9dc-252c085a74ee},{da1adb51-cd0a-46af-86b0-1b643b9848f7},comment,bifurcated,et ultrices posuere cubilia curae mauris,Portraits,/eget.cpp:350
{75e3bbfc-c7c6-4007-b0b8-c78c466500a5},{faa6e795-09b1-4be6-b5c8-77f08000e3cb},problem,Innovative,sed tristique in tempus sit amet sem fusce consequat nulla nisl nunc,NCQA,/dignissim.java:316
{99b47ff5-a39e-4aac-b351-965edd9d7327},{2523d1b8-ffea-4c6c-b681-c72d440e365b},extra credit,foreground,rhoncus mauris enim leo rhoncus,Two-factor Authentication,/commodo.h:147
{d5951d3e-f954-48ab-b3cd-8400afcac821},{1ff1bdb4-1506-4ba1-9df3-f12eead3c93f},comment,Enterprise-wide,pellentesque eget nunc donec quis orci eget orci vehicula condimentum curabitur in libero,mTAB,/nunc.cpp:811
{6dda6b74-bff4-4a3c-bd0a-480433b341e9},{722d3f3d-5a27-4346-85bd-278299fae75c},problem,time-frame,turpis a pede posuere nonummy integer non,Big Data,/ante.java:359
{887164c1-8f2d-4594-abf6-a0b2543aa13e},{760a22f8-ec46-4b37-be96-4a9cded7bcad},extra credit,executive,consequat lectus in est risus auctor sed tristique in tempus sit amet sem fusce consequat,PDMS,/in.h:622
{3f4dad41-bf03-457d-b975-f31d2c9327c0},{8db34323-d733-4203-9ecf-b6d45be30467},comment,coherent,venenatis non sodales sed tincidunt eu felis fusce,Application Architecture,/natoque.cpp:904
{cf6563f4-2217-4e1a-a3dc-ebd12f1a9ac2},{0f8b1f54-da1c-4406-8f63-f308d8d042c2},problem,system-worthy,sem sed sagittis nam congue risus semper porta volutpat quam,Product Management,/quis.java:609
{270dc983-2d81-4b95-9b78-f09124e8eacb},{2f3c2484-6258-4333-aea6-682d51f67b64},extra credit,algorithm,in ante vestibulum ante ipsum primis in faucibus orci luctus et ultrices,Laboratory,/vel.h:49
{ce80c817-2abc-40f2-a68f-545885166f08},{7a7e41b8-d2eb-4d4f-a6bc-fb44f3f1f798},comment,Assimilated,elementum pellentesque quisque porta volutpat erat quisque erat eros viverra,PFP,/mus.cpp:998
{02068fc2-4526-40c9-8c81-db9c5cdbcd09},{0a57c90f-efcc-4d66-87e8-8e13d622b2f4},problem,protocol,in faucibus orci luctus et ultrices posuere cubilia curae nulla dapibus dolor,ISO 9001,/neque.java:87
{0eff8162-715e-4d7f-9260-77820d85cd8f},{7042671d-853e-412e-b375-e2c06e013814},extra credit,artificial intelligence,ac enim in tempor turpis nec euismod scelerisque quam turpis adipiscing lorem vitae,Capital IQ,/pede.h:264
{8ae98eb5-6026-4c40-bccf-1f7ffa67b431},{12e254c4-2b4e-4636-86f1-81524b578b7c},comment,analyzing,nec sem duis aliquam convallis nunc proin at turpis a pede posuere,Kyphoplasty,/ipsum.cpp:91
{084cc832-7bc5-45b1-a4f6-9a137b2ab0a1},{2cd90341-9d9a-42ac-a6dc-d10c944ec358},problem,Seamless,leo rhoncus sed vestibulum sit amet cursus id turpis integer aliquet,Ventilation,/dictumst.java:744
{2910b8b7-f5ec-47e0-b81a-1ce1aafa6e23},{fcf82f00-1a51-4cdd-b3c7-9ac2f7d17e34},extra credit,methodical,cum sociis natoque penatibus et magnis dis parturient montes nascetur ridiculus mus vivamus,Customer Relations,/eu.h:907
{41d4ba82-42e9-4e23-b243-00a4349af54a},{fdacc579-4dd1-4f4a-93a2-12cd4f601eb4},comment,User-centric,diam in magna bibendum imperdiet nullam orci pede venenatis non sodales sed tincidunt eu,CSM,/amet.cpp:524
{c725926e-cd95-4c8a-9db4-154ad8440869},{a4323378-ed9b-42da-9f7c-f47233cebddd},problem,system-worthy,morbi vestibulum velit id pretium iaculis diam erat fermentum,AQTF compliance,/arcu.java:937
{83dd8d9d-08d7-4edc-b9f9-653437338f60},{372df2c6-8ce4-42f8-a34e-7bd95e49c05b},extra credit,24 hour,augue quam sollicitudin vitae consectetuer eget rutrum at lorem integer tincidunt ante vel,ICT Consultancy,/mauris.h:852
{d49f6b05-776f-41f5-91ca-5eee1fd86230},{10fb0356-0f85-45a2-bc96-cb97aa4b036d},comment,Implemented,ultricies eu nibh quisque id justo sit amet sapien,Photos,/integer.cpp:395
{b5e78323-4607-4416-9085-5850e1f8e733},{01135b8b-9545-4d69-9234-1f0de977f185},problem,transitional,pede malesuada in imperdiet et commodo vulputate,MRSA,/magna.java:72
{c2cba073-7aec-478c-aa6b-bdb28a367d05},{c2965741-7d45-428d-91c2-747583e424f9},extra credit,attitude-oriented,luctus et ultrices posuere cubilia curae nulla dapibus dolor vel est,Style Guides,/dui.h:801
{4be02f78-3372-48e6-a722-f647ae3194bb},{022365c3-bfff-4a48-8dbf-344f0bde1ec1},comment,static,commodo placerat praesent blandit nam nulla integer pede justo lacinia eget tincidunt,KBOX,/amet.cpp:752
{844740c8-2a4c-4429-bc78-414b13aedac6},{128c54aa-cd55-4029-8b9b-9896277f1013},problem,standardization,ligula nec sem duis aliquam convallis nunc proin,ERD,/eleifend.java:595
{ecd6609e-6a16-4821-9e38-2ee82e4ef902},{8d1c5dd1-4d9f-4885-9f8a-644957d39fb7},extra credit,strategy,curae nulla dapibus dolor vel,FBD,/gravida.h:191
{6218139a-f2db-4711-99f9-d6cdadfd3a98},{d7eb6a59-3fd2-498f-bc4b-7872e3f94aca},comment,Versatile,arcu sed augue aliquam erat volutpat in congue etiam justo etiam pretium,Guitar Playing,/massa.cpp:520
{bc1cff36-5583-46bf-a6e2-3de20ff2b33e},{bb79f257-1d07-419c-ad96-e31939f6731f},problem,Cloned,mauris ullamcorper purus sit amet nulla,MSDS,/sapien.java:818
{9a335252-03ce-4611-8d72-2565cc066387},{c325ef2d-8a69-41ee-9d06-fac9f4b04d3b},extra credit,hierarchy,in eleifend quam a odio in hac habitasse platea dictumst maecenas ut,WBTs,/donec.h:529
{f6b954fb-5418-432e-991c-cadf893e42cb},{a0fed2b3-3d79-4b15-8ffa-27e286632fca},comment,User-friendly,tempus sit amet sem fusce consequat nulla nisl nunc nisl duis bibendum felis,Object Oriented Perl,/volutpat.cpp:804
{a3874b92-bf5b-4ee2-a021-78ad648456b2},{81c89689-2c32-44b7-b7de-7d2f18597f55},problem,directional,primis in faucibus orci luctus et ultrices posuere cubilia curae nulla,Orchestral Music,/id.java:800
{de9544b4-cc26-4558-9a6b-3f875f30082a},{f5716e99-816d-4afe-8f47-cf7e4029ebd0},extra credit,complexity,eu magna vulputate luctus cum sociis natoque,Lyris ListManager,/sem.h:122
{ffcd34df-f94a-4219-99cc-8beab475d2ec},{50bc7e61-642a-4f79-a2cd-8436c9e4a6b2},comment,Function-based,felis fusce posuere felis sed lacus morbi sem,BMC Remedy AR System,/ultrices.cpp:784
{73fbb6d2-53f5-4d31-bba0-07b1cac192b5},{83f9a14e-06cc-444f-ba00-d98495d567c9} ,problem,complexity,curae duis faucibus accumsan odio curabitur convallis duis consequat dui nec nisi volutpat,Yardi Property Management,/in.java:151
{465df78f-14ed-43ab-b697-cc6fe047f53a},{5ee994b2-0635-4345-9b35-f62eb0543905},extra credit,monitoring,in tempor turpis nec euismod scelerisque quam turpis adipiscing lorem vitae mattis,SDL Trados,/sit.h:454
{5bdccfa3-a12f-45c5-9c56-5cf308966415},{32a574f3-9b94-4a6b-bc61-b20e0540f54d},comment,Graphical User Interface,sem praesent id massa id nisl venenatis lacinia aenean sit,Star-CCM+,/erat.cpp:793
{458124c9-bb74-4acb-8dbc-9ebfa1ba8ab9},{491fb4e6-c167-471d-b036-de04d7df225d},problem,encryption,nunc proin at turpis a pede posuere nonummy,.NET,/rhoncus.java:98
{d7ef2db0-28bf-4cbf-8ad1-ffe9fa640f27},{22e0d573-9567-4b2b-a178-3152d26beebd},extra credit,client-driven,cursus urna ut tellus nulla ut,Yacht Charters,/leo.h:810
{18e06991-758d-4c0e-b799-23900403fe52},{f6d83f96-0876-4a80-99f7-e76d99de188d},comment,budgetary management,in imperdiet et commodo vulputate justo,BSF,/viverra.cpp:153
{01073e6f-2023-4787-9c3f-4859e7cc435c},{dc3a6e3e-3b5d-45a0-b414-667cbf313e1c},problem,Front-line,tempor turpis nec euismod scelerisque quam turpis adipiscing lorem,Organizational Effectiveness,/nam.java:878
{8de45e53-4a78-484d-9943-c19b1dc6ee1f},{90655acd-f50d-4580-991a-d99566aa7802},extra credit,Down-sized,dapibus duis at velit eu est congue,Radar,/vehicula.h:863
{71c374ea-22c0-4801-b7d8-c6311c6fef83},{a476373f-6043-452c-a5f6-1e0477845ac7},comment,homogeneous,amet consectetuer adipiscing elit proin interdum mauris non,PXRD,/cubilia.cpp:331
{e30726af-9440-474f-83de-1c140df89b18},{996b3876-f5d8-4d15-bf1a-b3c7ab9605c5},problem,3rd generation,duis ac nibh fusce lacus,XPS,/enim.java:468
{50570c64-d716-4ce3-9074-5318063df4f7},{1a364409-d281-4326-83a7-7876c6ef84aa},extra credit,multi-state,ante ipsum primis in faucibus orci luctus et ultrices posuere cubilia curae donec pharetra magna,Epigenetics,/turpis.h:411
{f9ccf719-cb9e-415d-b6a7-4e9c603a2175},{4f5f9a0e-5212-45dd-bba2-1f8f121c59c3},comment,methodical,nibh in hac habitasse platea dictumst aliquam augue quam sollicitudin vitae consectetuer eget rutrum,CFDs,/lorem.cpp:167
{fbe78397-1eee-45bd-84bf-8c1c9ee06f06},{0d9b56cf-3040-4269-8a07-e1ceae22004d},problem,moderator,quis libero nullam sit amet turpis,Hypermesh,/id.java:689
{09b71b00-0c4a-450a-a431-ee156a7f65f6},{2ce315af-788a-452a-a60f-9893a79f0a4d},extra credit,Optional,est phasellus sit amet erat nulla tempus vivamus in felis eu sapien cursus vestibulum,GCF,/justo.h:779
{28fd492e-93da-410d-90e2-10c4673d5dba},{eeb16789-3451-45d7-af8f-78382dc55f1a},comment,productivity,justo eu massa donec dapibus duis at velit eu est,FMEA,/erat.cpp:583
{9e6aa440-be69-4130-b28b-e923988a44be},{d900f0dc-2317-4a41-a338-2c79bcb74f65},problem,matrix,platea dictumst aliquam augue quam sollicitudin vitae,Avid Xpress,/nulla.java:4
{ed782473-082e-40c3-a1b5-7764342166d0},{57e72432-e0dd-4495-a6e9-4ea7a5f827c2},extra credit,adapter,pharetra magna ac consequat metus sapien ut nunc vestibulum ante ipsum,IFR,/nulla.h:254
{cb807676-6c4b-41bf-b7ed-4289e86493e6},{c0de9313-d0da-4032-ba63-e6b7823dfd57},comment,Mandatory,turpis a pede posuere nonummy integer non velit,Obedience,/faucibus.cpp:433
{89a02720-3d45-408e-88e2-e7a0587da960},{98987645-f9fc-4d33-95c7-cc2bbb3a43ee},problem,flexibility,quam sollicitudin vitae consectetuer eget rutrum at lorem integer tincidunt ante vel ipsum praesent blandit,MCAD,/orci.java:504
{baf2987d-b866-4b00-a0fd-fdd249c81283},{da1adb51-cd0a-46af-86b0-1b643b9848f7},extra credit,hybrid,ut at dolor quis odio consequat varius integer ac leo pellentesque ultrices,Energy,/tincidunt.h:337
{79f9c0bb-1322-4343-a45c-88bfd89d4cd1},{faa6e795-09b1-4be6-b5c8-77f08000e3cb},comment,Pre-emptive,sociis natoque penatibus et magnis dis,Functional Specifications,/tempor.cpp:819
{a40c9abe-20fe-4449-88e8-37ced7d1c8c3},{2523d1b8-ffea-4c6c-b681-c72d440e365b},problem,functionalities,urna pretium nisl ut volutpat sapien arcu sed,Crystal Xcelsius 2008,/dictumst.java:849
{32257776-d482-4941-95b7-7ef307aa9aac},{1ff1bdb4-1506-4ba1-9df3-f12eead3c93f},extra credit,Assimilated,eget rutrum at lorem integer tincidunt ante vel ipsum praesent blandit lacinia,Job Fairs,/ut.h:702
{094402a5-b6cb-43c0-a0d6-0ac33db7b1d1},{722d3f3d-5a27-4346-85bd-278299fae75c},comment,internet solution,praesent lectus vestibulum quam sapien varius ut blandit non,WBEM,/donec.cpp:645
{83cda48b-5fbf-4ec3-bc8c-73eb8f3a7698},{760a22f8-ec46-4b37-be96-4a9cded7bcad},problem,Inverse,in blandit ultrices enim lorem ipsum dolor sit amet consectetuer,Theory,/sapien.java:686
{045f1cfa-2de6-483a-ae5d-ee8d261903ee},{8db34323-d733-4203-9ecf-b6d45be30467},extra credit,time-frame,praesent blandit lacinia erat vestibulum sed magna at nunc commodo placerat praesent blandit nam nulla,Pharmaceutical Industry,/id.h:760
{130fcc11-2420-4a22-9f1a-8879c23a2d6e},{0f8b1f54-da1c-4406-8f63-f308d8d042c2},comment,user-facing,arcu sed augue aliquam erat,FSL,/vel.cpp:890
{7418fa60-df0d-4c01-ad9a-3d914619ebd6},{2f3c2484-6258-4333-aea6-682d51f67b64},problem,holistic,dui vel sem sed sagittis nam congue risus semper porta volutpat quam pede lobortis,Urban Agriculture,/odio.java:683
{88c44cb6-d6a0-48b1-a578-fa2985c47e6b},{7a7e41b8-d2eb-4d4f-a6bc-fb44f3f1f798},extra credit,paradigm,dui nec nisi volutpat eleifend donec ut dolor morbi,PwC TeamMate,/vel.h:395
{495d17cb-ca0c-451d-8e2e-159fc869fa17},{0a57c90f-efcc-4d66-87e8-8e13d622b2f4},comment,leverage,sed interdum venenatis turpis enim blandit mi,Yardi Property Management,/sapien.cpp:634
{e6057706-d935-4428-8c5f-0bd255e94867},{7042671d-853e-412e-b375-e2c06e013814},problem,Right-sized,dui vel nisl duis ac nibh fusce,Kitchen &  Bath Design,/dapibus.java:704
{f8c30a57-cb56-4e69-9198-2ee47d063c1c},{12e254c4-2b4e-4636-86f1-81524b578b7c},extra credit,systematic,ac neque duis bibendum morbi non quam,Gnome,/rutrum.h:820
{9d8a3697-6038-4c7c-8a44-83c7612db00b},{2cd90341-9d9a-42ac-a6dc-d10c944ec358},comment,monitoring,adipiscing lorem vitae mattis nibh ligula nec sem,CICS,/non.cpp:801
{96ea9b67-fa57-4355-9393-03ba3a1d8bca},{fcf82f00-1a51-4cdd-b3c7-9ac2f7d17e34},problem,motivating,diam id ornare imperdiet sapien urna pretium nisl ut volutpat sapien arcu sed augue aliquam,Kyocera,/faucibus.java:422
{fd9aa6fb-9439-4ef7-81ab-c30060634c84},{fdacc579-4dd1-4f4a-93a2-12cd4f601eb4},extra credit,process improvement,at velit eu est congue elementum in hac habitasse,Bluetooth,/nulla.h:802
{1ba19e08-34df-4104-a9a9-f8100e2f9fb8},{a4323378-ed9b-42da-9f7c-f47233cebddd},comment,systematic,libero rutrum ac lobortis vel dapibus at diam nam tristique,Uranium,/at.cpp:611
{725919b2-5e0e-4ec9-bb0c-7dd9aee8d9a8},{372df2c6-8ce4-42f8-a34e-7bd95e49c05b},problem,Graphical User Interface,in leo maecenas pulvinar lobortis est phasellus sit amet erat nulla tempus vivamus,Cleaning Validation,/amet.java:897
{6cf3b02b-cef9-494a-9734-4d2fc06a4b6a},{10fb0356-0f85-45a2-bc96-cb97aa4b036d},extra credit,budgetary management,commodo placerat praesent blandit nam nulla,Rural Development,/orci.h:853
{f9459175-8d1a-4989-89ab-c5479c61b722},{01135b8b-9545-4d69-9234-1f0de977f185},comment,executive,tempor turpis nec euismod scelerisque quam turpis adipiscing lorem vitae mattis nibh ligula nec sem,Human Capital Management,/amet.cpp:356
{dfae7b6f-11c2-4373-a311-d6d27a0306c9},{c2965741-7d45-428d-91c2-747583e424f9},problem,3rd generation,id justo sit amet sapien dignissim vestibulum vestibulum,Wills,/tellus.java:1
{2add3d3b-7406-4f06-8e2e-ff41a2fbcd40},{022365c3-bfff-4a48-8dbf-344f0bde1ec1},extra credit,Devolved,non interdum in ante vestibulum ante ipsum primis in faucibus orci luctus et,TMJ Dysfunction,/quis.h:300
{75e0f260-a9b9-4b57-8e30-ef241fe67d17},{128c54aa-cd55-4029-8b9b-9896277f1013},comment,installation,dolor quis odio consequat varius,International Trade,/id.cpp:290
{dd4418c3-0513-48cc-961f-03560fe4e7af},{8d1c5dd1-4d9f-4885-9f8a-644957d39fb7},problem,24/7,interdum in ante vestibulum ante ipsum primis in faucibus orci luctus,Software Design,/elit.java:506
{2a1d5fcb-733c-4f48-bb11-2e08f9b60817},{d7eb6a59-3fd2-498f-bc4b-7872e3f94aca},extra credit,24 hour,duis aliquam convallis nunc proin at turpis a pede posuere nonummy integer non velit,iOS Design,/suspendisse.h:478
{8766ecec-25e1-4c81-a6b6-c353b6250f62},{bb79f257-1d07-419c-ad96-e31939f6731f},comment,6th generation,platea dictumst morbi vestibulum velit id pretium iaculis diam erat fermentum justo,PyGTK,/augue.cpp:591
{be9b2051-f94b-457e-a521-edaf59152800},{c325ef2d-8a69-41ee-9d06-fac9f4b04d3b},problem,systemic,justo lacinia eget tincidunt eget,IP VPN,/convallis.java:639
{652fd17e-90ba-4d5e-a646-2ea5889c6c90},{a0fed2b3-3d79-4b15-8ffa-27e286632fca},extra credit,tangible,luctus et ultrices posuere cubilia curae mauris viverra diam vitae quam suspendisse potenti nullam porttitor,What-if Analysis,/dictumst.h:140
{349b0bd6-480d-401e-8b65-cb6e3655baa0},{81c89689-2c32-44b7-b7de-7d2f18597f55},comment,access,rhoncus dui vel sem sed sagittis nam congue,AC Nielsen,/aliquet.cpp:926
{095b9554-9093-44b6-b565-035c2406629e},{f5716e99-816d-4afe-8f47-cf7e4029ebd0},problem,global,platea dictumst morbi vestibulum velit id pretium iaculis diam,DCN,/tempus.java:805
{3e4ebc15-df6f-48c8-bdcc-d8a647c9cf2a},{50bc7e61-642a-4f79-a2cd-8436c9e4a6b2},extra credit,User-centric,ante ipsum primis in faucibus orci luctus et ultrices posuere cubilia curae nulla dapibus dolor,Flatbed,/nulla.h:294
{b9b20cee-7fb6-4f5c-adb8-f25e99785576},{83f9a14e-06cc-444f-ba00-d98495d567c9} ,comment,Managed,pulvinar sed nisl nunc rhoncus dui,SAP EBP,/risus.cpp:229
{4c2ef242-e67f-4d79-a44f-6added7d8e0c},{5ee994b2-0635-4345-9b35-f62eb0543905},problem,incremental,integer ac neque duis bibendum morbi non quam,Gastroenterology,/nunc.java:502
{77ec6b76-a7b9-4aa2-8aa2-9ec30e426637},{32a574f3-9b94-4a6b-bc61-b20e0540f54d},extra credit,value-added,potenti nullam porttitor lacus at,CNC Manufacturing,/morbi.h:816
{ac4a598e-f2ac-4720-a7ab-cb7a82f8e70e},{491fb4e6-c167-471d-b036-de04d7df225d},comment,Reverse-engineered,accumsan tellus nisi eu orci mauris,IT Solutions,/porttitor.cpp:960
{3d95690a-c798-4b09-b4e7-880727d7ef4d},{22e0d573-9567-4b2b-a178-3152d26beebd},problem,empowering,laoreet ut rhoncus aliquet pulvinar sed,eEye Retina,/orci.java:909
{41e968ef-756f-4f35-8384-c514c4fac131},{f6d83f96-0876-4a80-99f7-e76d99de188d},extra credit,Horizontal,orci vehicula condimentum curabitur in libero ut,DCOM,/tempus.h:183
{35d09c96-dc7d-4a97-b46b-d0b4e5a2daa3},{dc3a6e3e-3b5d-45a0-b414-667cbf313e1c},comment,De-engineered,nulla pede ullamcorper augue a,PTH,/quis.cpp:735
{e17adf86-f702-4a06-bc36-f1eaa9cf8617},{90655acd-f50d-4580-991a-d99566aa7802},problem,user-facing,proin leo odio porttitor id consequat in consequat ut nulla sed accumsan felis,SAP MM,/est.java:479
{8a8920fd-53d1-4df0-aa95-bbb49dc1a6b1},{a476373f-6043-452c-a5f6-1e0477845ac7},extra credit,Customizable,sapien arcu sed augue aliquam erat volutpat,Warehousing,/donec.h:124
{5ffbdff5-15d2-4a26-8744-48195d52ba85},{996b3876-f5d8-4d15-bf1a-b3c7ab9605c5},comment,Robust,rhoncus dui vel sem sed sagittis,Sales Tax,/augue.cpp:751
{850fe420-572c-41fe-b0bf-edf5abb49b55},{1a364409-d281-4326-83a7-7876c6ef84aa},problem,Networked,curabitur convallis duis consequat dui nec nisi volutpat eleifend donec ut dolor morbi vel,MVPN,/dapibus.java:199
{fb93a0dd-e7d1-4565-8eb4-57e7249362b3},{4f5f9a0e-5212-45dd-bba2-1f8f121c59c3},extra credit,instruction set,sapien placerat ante nulla justo aliquam quis,Special Events,/cras.h:952
{84af15f1-743e-490a-81f5-0c3f63684162},{0d9b56cf-3040-4269-8a07-e1ceae22004d},comment,Streamlined,dapibus nulla suscipit ligula in lacus curabitur at ipsum ac,Special Education,/elementum.cpp:657
{a0093358-6b6c-423e-b5ba-7cb4339d03a5},{2ce315af-788a-452a-a60f-9893a79f0a4d},problem,Synergistic,cursus id turpis integer aliquet massa id lobortis convallis tortor risus dapibus augue vel accumsan,Real Estate Transactions,/id.java:317
{3a822cbc-e52e-4d0f-865c-665707c52730},{eeb16789-3451-45d7-af8f-78382dc55f1a},extra credit,object-oriented,praesent blandit nam nulla integer pede justo lacinia eget tincidunt eget tempus vel pede,Ethics,/porta.h:254
{0d07e392-379d-43f6-8938-4bd24413b442},{d900f0dc-2317-4a41-a338-2c79bcb74f65},comment,success,arcu adipiscing molestie hendrerit at vulputate vitae nisl aenean lectus,RFID Applications,/natoque.cpp:901
{91bb6703-d22f-41f0-9389-5bbca4f6ffcd},{57e72432-e0dd-4495-a6e9-4ea7a5f827c2},problem,demand-driven,morbi vestibulum velit id pretium iaculis diam erat,HW development,/quam.java:418
{50d61726-ff86-4301-bd56-da51123450d9},{c0de9313-d0da-4032-ba63-e6b7823dfd57},extra credit,Total,mauris lacinia sapien quis libero nullam sit amet turpis,VTL,/eget.h:528
{c118fa5d-ce26-462d-8dc3-bd1e669c20e9},{98987645-f9fc-4d33-95c7-cc2bbb3a43ee},comment,support,nulla suscipit ligula in lacus curabitur at ipsum,Volunteer Recruiting,/platea.cpp:796
{0c4693cd-dbc7-4a7e-9b5e-89193f281278},{da1adb51-cd0a-46af-86b0-1b643b9848f7},problem,Upgradable,arcu libero rutrum ac lobortis vel,Wireless,/habitasse.java:936
{d49bbefd-57e5-4b18-b1b8-7d89aba55b7a},{faa6e795-09b1-4be6-b5c8-77f08000e3cb},extra credit,access,erat curabitur gravida nisi at nibh in hac habitasse platea dictumst aliquam augue quam sollicitudin,DMC,/nunc.h:838
{9de4a674-1ecb-4eaa-810e-e64919ebb566},{2523d1b8-ffea-4c6c-b681-c72d440e365b},comment,complexity,id consequat in consequat ut nulla sed,Breaking News,/odio.cpp:518
{58db7847-020a-4d14-aa22-718ef3245ca6},{1ff1bdb4-1506-4ba1-9df3-f12eead3c93f},problem,asynchronous,sapien quis libero nullam sit amet turpis,Global Health,/faucibus.java:249
{966a4b93-4d6e-4c2a-bdd5-2e8930d83c21},{722d3f3d-5a27-4346-85bd-278299fae75c},extra credit,exuding,nec nisi volutpat eleifend donec ut dolor morbi vel lectus in quam,Corel Draw,/interdum.h:508
{e0762478-acd3-416c-a37e-5d1907efc15f},{760a22f8-ec46-4b37-be96-4a9cded7bcad},comment,parallelism,vestibulum velit id pretium iaculis diam erat,IQMS,/sed.cpp:337
{c0a98dcf-f4d8-43ab-96d5-6f999521806f},{8db34323-d733-4203-9ecf-b6d45be30467},problem,contextually-based,a ipsum integer a nibh in quis justo maecenas,Glassfish,/tristique.java:106
{66290c9d-06d0-4b1e-a9f5-1429f60be804},{0f8b1f54-da1c-4406-8f63-f308d8d042c2},extra credit,capacity,phasellus id sapien in sapien iaculis congue vivamus metus,FM,/justo.h:295
{b97da9de-e8a3-434b-af36-c8905a6e1863},{2f3c2484-6258-4333-aea6-682d51f67b64},comment,installation,donec vitae nisi nam ultrices libero non mattis pulvinar nulla pede ullamcorper augue a suscipit,MXF,/fusce.cpp:156
{db8f3896-75e3-4b28-8ed2-970d92e214b4},{7a7e41b8-d2eb-4d4f-a6bc-fb44f3f1f798},problem,Programmable,vulputate nonummy maecenas tincidunt lacus,Environmental Management Systems,/nibh.java:255
{e094a5d7-2f98-466f-9dfd-9e4e35860e76},{0a57c90f-efcc-4d66-87e8-8e13d622b2f4},extra credit,Visionary,nonummy maecenas tincidunt lacus at velit vivamus vel nulla eget eros elementum,RCS Selector,/ultrices.h:209
{22f94aaa-ab74-4cec-a038-61d70a3059db},{7042671d-853e-412e-b375-e2c06e013814},comment,core,praesent blandit nam nulla integer pede justo lacinia eget tincidunt eget tempus vel pede,HDX,/quisque.cpp:110
{9bab4b17-fa6e-4e99-8209-2223603e8a65},{12e254c4-2b4e-4636-86f1-81524b578b7c},problem,interface,condimentum id luctus nec molestie sed justo pellentesque viverra pede ac diam cras pellentesque volutpat,HW Design,/id.java:121
{546cdd91-97d9-40ac-972b-3cd87e0aae8a},{2cd90341-9d9a-42ac-a6dc-d10c944ec358},extra credit,installation,amet nulla quisque arcu libero rutrum ac lobortis vel dapibus at,JES2,/vel.h:422
{ce0c9171-78cb-45fc-a55d-2ebf4444d930},{fcf82f00-1a51-4cdd-b3c7-9ac2f7d17e34},comment,utilisation,lacinia erat vestibulum sed magna at nunc commodo placerat praesent blandit nam nulla integer,Topographic Surveys,/fermentum.cpp:669
{399d2a16-7f07-4418-94f7-c18cc105e94d},{fdacc579-4dd1-4f4a-93a2-12cd4f601eb4},problem,reciprocal,mauris vulputate elementum nullam varius nulla facilisi cras non velit nec,Visual Basic,/rutrum.java:273
{b96ac14f-955e-4c3b-886a-4afc2347815b},{a4323378-ed9b-42da-9f7c-f47233cebddd},extra credit,product,libero non mattis pulvinar nulla pede,Healthcare Industry,/suspendisse.h:840
{cff1af1a-0f60-4d2b-958e-4f6e65c11a38},{372df2c6-8ce4-42f8-a34e-7bd95e49c05b},comment,24 hour,ligula suspendisse ornare consequat lectus in est risus auctor sed tristique in,WFO,/viverra.cpp:260
{b62bd816-fd14-42e5-ba6c-0fdd92a71f7b},{10fb0356-0f85-45a2-bc96-cb97aa4b036d},problem,actuating,integer aliquet massa id lobortis convallis tortor,Lucene,/erat.java:747
{0bd07d28-0be6-47ab-97a2-40935669eea5},{01135b8b-9545-4d69-9234-1f0de977f185},extra credit,Proactive,velit eu est congue elementum in,GBA,/nisl.h:956
{2c30602c-5177-4b81-a59b-9e99a631fcb7},{c2965741-7d45-428d-91c2-747583e424f9},comment,installation,in leo maecenas pulvinar lobortis est phasellus,Purchasing,/posuere.cpp:598
{7a6deecb-281e-4c66-b90d-d1a10f331d1a},{022365c3-bfff-4a48-8dbf-344f0bde1ec1},problem,web-enabled,nec dui luctus rutrum nulla tellus in sagittis dui vel,Financial Risk Management,/ut.java:931
{36d71628-59f4-4bcf-9b1e-0e3e5983984a},{128c54aa-cd55-4029-8b9b-9896277f1013},extra credit,open architecture,volutpat erat quisque erat eros viverra eget congue eget semper rutrum nulla,System Administration,/nibh.h:549
{7347cbd6-6120-47b5-a536-000ba19d3426},{8d1c5dd1-4d9f-4885-9f8a-644957d39fb7},comment,access,massa id nisl venenatis lacinia aenean sit amet justo morbi ut odio cras mi,Data Collection,/luctus.cpp:743
{355a3aef-62ce-44b2-97a7-273778893ab6},{d7eb6a59-3fd2-498f-bc4b-7872e3f94aca},problem,logistical,nulla tempus vivamus in felis eu sapien cursus,Owners Representative,/quis.java:993
{aae752ce-7175-4774-85f5-a97645fd47ba},{bb79f257-1d07-419c-ad96-e31939f6731f},extra credit,solution-oriented,non pretium quis lectus suspendisse potenti,Capacity Utilization,/purus.h:316
{3fdb63bc-54f7-4ac4-b3b6-8a7727fcb93a},{c325ef2d-8a69-41ee-9d06-fac9f4b04d3b},comment,Open-source,sed tincidunt eu felis fusce posuere felis sed lacus morbi,TMN,/scelerisque.cpp:828
{f4ab4085-74b4-44e2-ab3b-452f9017a348},{a0fed2b3-3d79-4b15-8ffa-27e286632fca},problem,Quality-focused,felis eu sapien cursus vestibulum proin eu mi nulla ac enim in,International Logistics,/lobortis.java:533
{a3b1e425-40aa-4f6f-922f-b2f0e59679ec},{81c89689-2c32-44b7-b7de-7d2f18597f55},extra credit,Reactive,at feugiat non pretium quis lectus suspendisse potenti in eleifend quam,ERP Implementations,/quam.h:365
{16dc1478-c2a0-420f-ae69-4a9aa8962f4d},{f5716e99-816d-4afe-8f47-cf7e4029ebd0},comment,fresh-thinking,luctus cum sociis natoque penatibus et magnis dis parturient montes nascetur,Employment Law,/tincidunt.cpp:41
{52d406d3-2a61-4ed0-9967-f27e122a5dac},{50bc7e61-642a-4f79-a2cd-8436c9e4a6b2},problem,Virtual,elementum nullam varius nulla facilisi cras non,Object Oriented Perl,/ligula.java:820
{edafa57e-ab92-4b66-85e3-0e885b6c00cd},{83f9a14e-06cc-444f-ba00-d98495d567c9} ,extra credit,Ameliorated,diam in magna bibendum imperdiet nullam orci pede venenatis,Three.js,/convallis.h:451
{81c52f72-368b-4e13-b686-951b915f0e84},{5ee994b2-0635-4345-9b35-f62eb0543905},comment,Programmable,vel pede morbi porttitor lorem id ligula,Executive Protection,/nulla.cpp:774
{b7f29dff-92c8-4694-be63-122bd0c7e31b},{32a574f3-9b94-4a6b-bc61-b20e0540f54d},problem,stable,nunc vestibulum ante ipsum primis in faucibus orci luctus et ultrices posuere cubilia,JSF,/enim.java:753
{f718592b-b486-482e-9b51-30a247fffe58},{491fb4e6-c167-471d-b036-de04d7df225d},extra credit,moratorium,consequat varius integer ac leo,Microsoft DNS,/platea.h:901
{4a42a025-ce28-4bd2-8b08-fcea568acab1},{22e0d573-9567-4b2b-a178-3152d26beebd},comment,zero defect,eleifend donec ut dolor morbi vel lectus in quam fringilla rhoncus mauris enim leo rhoncus,Publishing,/semper.cpp:299
{6a98af42-6c63-41ba-bb71-2e4cb1e5abfb},{f6d83f96-0876-4a80-99f7-e76d99de188d},problem,Multi-channelled,vestibulum eget vulputate ut ultrices vel augue vestibulum ante ipsum primis in faucibus,Ultiboard,/dis.java:532
{186e22e9-3411-4c0d-bdf7-2091eea04677},{dc3a6e3e-3b5d-45a0-b414-667cbf313e1c},extra credit,Seamless,nunc donec quis orci eget orci vehicula condimentum curabitur in libero ut massa,eBay API,/erat.h:889
{95b349fc-89b8-4a0e-944f-6077362ba7e1},{90655acd-f50d-4580-991a-d99566aa7802},comment,model,eget eleifend luctus ultricies eu nibh quisque id,CBOT,/viverra.cpp:186
{9a2a0e74-2393-46c5-995e-9cb68c0cb822},{a476373f-6043-452c-a5f6-1e0477845ac7},problem,bi-directional,ante ipsum primis in faucibus orci luctus et ultrices posuere cubilia curae,MVC,/mauris.java:904
{9561e8ac-3445-476b-af74-9513c3c94633},{996b3876-f5d8-4d15-bf1a-b3c7ab9605c5},extra credit,Enhanced,libero nullam sit amet turpis elementum ligula,VLR,/mus.h:671
{6cb85a7a-0279-4ed1-8465-7ee6c5a6b429},{1a364409-d281-4326-83a7-7876c6ef84aa},comment,paradigm,ultrices phasellus id sapien in sapien iaculis congue vivamus metus arcu adipiscing molestie hendrerit at,TDC3000,/elementum.cpp:600
{975163c9-82ff-4642-99ad-e6480f901f1a},{4f5f9a0e-5212-45dd-bba2-1f8f121c59c3},problem,portal,dui luctus rutrum nulla tellus in sagittis dui vel,Vsftpd,/felis.java:141
{26504211-48da-482e-9656-472c4bacbd99},{0d9b56cf-3040-4269-8a07-e1ceae22004d},extra credit,Upgradable,sollicitudin mi sit amet lobortis sapien,Bank Reconciliation,/hac.h:65
{80c46fb2-084f-4b2e-8787-2c1b0edb060f},{2ce315af-788a-452a-a60f-9893a79f0a4d},comment,Profound,nisl aenean lectus pellentesque eget nunc donec,CSS,/in.cpp:8
{fb6cdb01-cf30-417c-b6cf-4c61a2ce675e},{eeb16789-3451-45d7-af8f-78382dc55f1a},problem,Up-sized,nulla elit ac nulla sed vel enim sit amet nunc viverra dapibus nulla,Hyperion,/augue.java:556
{9d581b12-06dc-4ff1-8d1c-b1bee70fa823},{d900f0dc-2317-4a41-a338-2c79bcb74f65},extra credit,optimal,nibh in hac habitasse platea dictumst aliquam augue quam sollicitudin vitae consectetuer,eEmpact,/consequat.h:213
{622b9240-d97a-4730-ad9f-bb048dc2f53d},{57e72432-e0dd-4495-a6e9-4ea7a5f827c2},comment,Compatible,eu nibh quisque id justo sit amet sapien dignissim vestibulum vestibulum ante ipsum,xCAT,/ante.cpp:723
{3bc2e28b-2c18-4eeb-95a7-48c80d4b0318},{c0de9313-d0da-4032-ba63-e6b7823dfd57},problem,Ergonomic,curae donec pharetra magna vestibulum aliquet ultrices erat tortor sollicitudin mi sit,IT Service Delivery,/pellentesque.java:983
{4faa7159-80cd-49cf-a5c0-a77a0d98d8e5},{98987645-f9fc-4d33-95c7-cc2bbb3a43ee},extra credit,Configurable,amet sapien dignissim vestibulum vestibulum ante ipsum primis in faucibus orci luctus et ultrices posuere,IRS problem resolution,/quisque.h:490
{18b0023a-2ea9-4fa3-8c5a-f6a290b6f973},{da1adb51-cd0a-46af-86b0-1b643b9848f7},comment,customer loyalty,aliquam convallis nunc proin at turpis a pede posuere nonummy integer non velit donec,FSCM,/sit.cpp:491
{fc8ed856-d3da-4b87-a5ce-9644a54433b9},{faa6e795-09b1-4be6-b5c8-77f08000e3cb},problem,standardization,luctus et ultrices posuere cubilia curae,PDH,/sodales.java:503
{03833c70-f8e9-4ae0-bfef-81d563289df5},{2523d1b8-ffea-4c6c-b681-c72d440e365b},extra credit,support,consequat lectus in est risus auctor sed tristique in tempus sit amet sem fusce consequat,Java Applets,/vel.h:303
{2179d49e-feee-482f-8a12-33dbff7f1754},{1ff1bdb4-1506-4ba1-9df3-f12eead3c93f},comment,mission-critical,sed augue aliquam erat volutpat in congue etiam justo etiam pretium iaculis justo in,EIFS,/proin.cpp:655
{b9836bfa-fcfb-4edf-87cb-da9c7ce06d83},{722d3f3d-5a27-4346-85bd-278299fae75c},problem,intranet,erat curabitur gravida nisi at nibh in hac habitasse,Business Intelligence Tools,/velit.java:729
{bf13844e-7463-42da-80e1-837b0d628601},{760a22f8-ec46-4b37-be96-4a9cded7bcad},extra credit,local area network,sapien non mi integer ac neque duis bibendum morbi non quam nec dui,Equity Capital Markets,/amet.h:282
{987dc199-308c-455d-b05e-e683ef849d9b},{8db34323-d733-4203-9ecf-b6d45be30467},comment,Face to face,massa volutpat convallis morbi odio odio elementum eu interdum eu tincidunt in,Jitter,/nulla.cpp:334
{57061483-fd35-4906-a327-989ba1145378},{0f8b1f54-da1c-4406-8f63-f308d8d042c2},problem,scalable,pretium iaculis diam erat fermentum justo,Online Help,/mi.java:132
{5bed513b-17f2-4029-8a09-0b49da0c8ca0},{2f3c2484-6258-4333-aea6-682d51f67b64},extra credit,Team-oriented,tempus vivamus in felis eu sapien cursus vestibulum proin eu mi,Fitness,/felis.h:260
{e812dee4-9405-4422-8b47-f43686da70d1},{7a7e41b8-d2eb-4d4f-a6bc-fb44f3f1f798},comment,Integrated,in magna bibendum imperdiet nullam orci pede venenatis non sodales sed tincidunt eu felis,xCAT,/et.cpp:996
{9c1c0ef9-204f-4083-a645-91b835b5763e},{0a57c90f-efcc-4d66-87e8-8e13d622b2f4},problem,Customizable,id justo sit amet sapien,Oracle OLAP,/rhoncus.java:616
{9e2c38c3-8b65-4bd1-8e56-522bfb7a049d},{7042671d-853e-412e-b375-e2c06e013814},extra credit,fresh-thinking,tortor duis mattis egestas metus aenean fermentum donec ut mauris eget massa tempor,RFID,/faucibus.h:969
{b2ec4c05-8755-4340-8886-a463927b72e4},{12e254c4-2b4e-4636-86f1-81524b578b7c},comment,model,non mauris morbi non lectus aliquam sit amet,Umbilicals,/a.cpp:863
{bb1e4df6-7064-40d5-ae0e-97da4e3065ba},{2cd90341-9d9a-42ac-a6dc-d10c944ec358},problem,incremental,dictumst maecenas ut massa quis augue luctus tincidunt nulla mollis,Rheumatology,/nulla.java:327
{b1b51294-9d4c-4190-8106-0592eb2f694b},{fcf82f00-1a51-4cdd-b3c7-9ac2f7d17e34},extra credit,coherent,eget nunc donec quis orci eget orci vehicula condimentum curabitur in libero ut,Full SDLC,/elementum.h:169
{6eefcbc6-590f-4284-8a98-2410a2be3796},{fdacc579-4dd1-4f4a-93a2-12cd4f601eb4},comment,Managed,faucibus orci luctus et ultrices posuere cubilia,Lean Manufacturing,/vel.cpp:581
{176a0884-9b2b-42e3-9f95-4909da8b5647},{a4323378-ed9b-42da-9f7c-f47233cebddd},problem,artificial intelligence,in faucibus orci luctus et ultrices posuere cubilia curae mauris viverra diam vitae,HTML,/sem.java:837
{e4972807-9fdd-480e-a6bb-ff30e14cf6fe},{372df2c6-8ce4-42f8-a34e-7bd95e49c05b},extra credit,Phased,eu nibh quisque id justo sit amet sapien dignissim vestibulum vestibulum,Financial Services,/interdum.h:913
{9b9c0d7e-5be6-4331-b389-4c7f4811cc09},{10fb0356-0f85-45a2-bc96-cb97aa4b036d},comment,optimizing,non ligula pellentesque ultrices phasellus id sapien,Education,/aliquet.cpp:787
{4f00d318-7c6c-4ef9-899b-e8fa1cc05938},{01135b8b-9545-4d69-9234-1f0de977f185},problem,flexibility,dapibus augue vel accumsan tellus nisi eu orci,NRSWA,/ultrices.java:295
{dbff1607-5093-476e-829e-f35dbdbac876},{c2965741-7d45-428d-91c2-747583e424f9},extra credit,web-enabled,in hac habitasse platea dictumst etiam faucibus cursus,Environmental Management Systems,/vitae.h:838
{631090d1-d624-4b69-96f8-3d139d8ed16b},{022365c3-bfff-4a48-8dbf-344f0bde1ec1},comment,Reactive,ac neque duis bibendum morbi non quam nec dui luctus rutrum nulla tellus in,Office Administration,/in.cpp:29
{599d611a-0ba5-4e00-91c4-ff55cbe6e8d2},{128c54aa-cd55-4029-8b9b-9896277f1013},problem,secondary,donec odio justo sollicitudin ut suscipit a feugiat,Corporate FP,/ut.java:1000
{a08c6d44-21a2-42b5-9228-d00f86534c3e},{8d1c5dd1-4d9f-4885-9f8a-644957d39fb7},extra credit,synergy,sit amet consectetuer adipiscing elit proin risus praesent lectus vestibulum quam,SAP Business ByDesign,/quis.h:28
{ea0f3636-fa90-49d1-b703-34481026ec29},{d7eb6a59-3fd2-498f-bc4b-7872e3f94aca},comment,help-desk,pede justo eu massa donec dapibus duis at velit eu est congue elementum in,American Literature,/nulla.cpp:448
{17f252ed-c18f-4dcd-b5d3-96fa68b8945b},{bb79f257-1d07-419c-ad96-e31939f6731f},problem,policy,in lectus pellentesque at nulla suspendisse potenti cras,ASP.NET MVC,/faucibus.java:361
{9297c5f2-ad67-4aa3-8166-eeeff172acb8},{c325ef2d-8a69-41ee-9d06-fac9f4b04d3b},extra credit,Multi-lateral,sapien cum sociis natoque penatibus et magnis dis,Sculpture,/fusce.h:936
{caffc1b4-c245-422c-9c1f-2a247f134ab0},{a0fed2b3-3d79-4b15-8ffa-27e286632fca},comment,asynchronous,nisi vulputate nonummy maecenas tincidunt lacus at velit vivamus vel nulla eget,Product Marketing,/turpis.cpp:428
{623ddcda-5dfd-40ad-9e2b-dc72a9b67127},{81c89689-2c32-44b7-b7de-7d2f18597f55},problem,data-warehouse,morbi non quam nec dui luctus rutrum nulla tellus in sagittis dui vel nisl,Classical,/vehicula.java:655
{5220a68b-eb99-42e5-9dff-6d7c845d884e},{f5716e99-816d-4afe-8f47-cf7e4029ebd0},extra credit,hub,nisl nunc nisl duis bibendum felis sed interdum venenatis turpis enim blandit mi,Academic Writing,/vitae.h:505
{f7501602-28b9-4701-913b-ca61459028ee},{50bc7e61-642a-4f79-a2cd-8436c9e4a6b2},comment,Fundamental,vitae nisi nam ultrices libero non mattis pulvinar nulla pede,Ebooks,/elit.cpp:490
{51c4e3e1-f925-4994-898c-a2a8d4f99505},{83f9a14e-06cc-444f-ba00-d98495d567c9} ,problem,Future-proofed,vestibulum ante ipsum primis in faucibus orci luctus et ultrices posuere cubilia curae,Combined Cycle,/rhoncus.java:847
{92d475b1-b023-409f-8def-fe50553870c0},{5ee994b2-0635-4345-9b35-f62eb0543905},extra credit,installation,sed justo pellentesque viverra pede ac diam cras pellentesque volutpat dui maecenas tristique est et,Concept HDL,/lobortis.h:651
{efe3df6e-c20e-4b76-a672-5adfd5017079},{32a574f3-9b94-4a6b-bc61-b20e0540f54d},comment,structure,velit eu est congue elementum in hac habitasse,OllyDbg,/ac.cpp:503
{15eebab3-1edc-49be-aed5-6b41ee4e8b1c},{491fb4e6-c167-471d-b036-de04d7df225d},problem,product,venenatis turpis enim blandit mi in,NTFS,/vehicula.java:718
{75963200-2a47-4840-81f1-cdd56135fa4e},{22e0d573-9567-4b2b-a178-3152d26beebd},extra credit,motivating,lobortis est phasellus sit amet erat nulla tempus vivamus in felis eu sapien cursus,Guest Service Management,/ac.h:536
